timestamp,track_id,event,zone,distance,x,y,z,movement_status,movement_direction,depth_status
2026-09-26T20:55:49,1,ENTERED_DANGER_ZONE,DANGER,1.0,-0.04,0.2,0.97,STATIONARY,NONE,UNKNOWN
2026-09-26T20:55:55,1,LEFT_DANGER_ZONE,WARNING,1.05,-0.06,0.23,1.02,MOVING,DOWN,MOVING AWAY
2026-09-26T20:55:59,1,ENTERED_DANGER_ZONE,DANGER,0.99,-0.02,0.26,0.96,MOVING,LEFT,APPROACHING
2026-09-26T21:01:34,1,ENTERED_WARNING_ZONE,WARNING,1.79,-0.05,0.56,1.7,STATIONARY,NONE,APPROACHING
2026-09-26T21:01:34,1,APPROACHING_FOR_EXTENDED_PERIOD,WARNING,1.79,-0.05,0.56,1.7,STATIONARY,NONE,APPROACHING
2026-09-26T21:01:35,1,APPROACHING_FOR_EXTENDED_PERIOD,WARNING,1.6,-0.04,0.49,1.52,STATIONARY,NONE,APPROACHING
2026-09-26T21:01:35,1,APPROACHING_FOR_EXTENDED_PERIOD,WARNING,1.54,-0.02,0.46,1.46,STATIONARY,NONE,APPROACHING
2026-09-26T21:01:36,1,APPROACHING_FOR_EXTENDED_PERIOD,WARNING,1.44,-0.03,0.41,1.38,STATIONARY,NONE,APPROACHING
2026-09-26T21:01:37,1,APPROACHING_FOR_EXTENDED_PERIOD,WARNING,1.19,-0.05,0.31,1.15,MOVING,UP,APPROACHING
2026-09-26T21:01:37,2,ENTERED_WARNING_ZONE,WARNING,1.91,-0.79,0.76,1.57,STATIONARY,NONE,APPROACHING
2026-09-26T21:01:37,1,APPROACHING_FOR_EXTENDED_PERIOD,WARNING,1.09,-0.08,0.26,1.05,MOVING,LEFT,APPROACHING
2026-09-26T21:01:38,1,ENTERED_DANGER_ZONE,DANGER,0.95,-0.1,0.19,0.92,MOVING,UP,APPROACHING
2026-09-26T21:01:38,1,APPROACHING_FOR_EXTENDED_PERIOD,DANGER,0.95,-0.1,0.19,0.92,MOVING,UP,APPROACHING
2026-09-26T21:01:38,1,APPROACHING_FOR_EXTENDED_PERIOD,DANGER,0.85,-0.08,0.14,0.83,MOVING,UP,APPROACHING
2026-09-26T21:01:39,1,APPROACHING_FOR_EXTENDED_PERIOD,DANGER,0.77,-0.09,0.09,0.76,MOVING,UP,APPROACHING
2026-09-26T21:01:44,1,LEFT_DANGER_ZONE,WARNING,1.34,-0.03,0.3,1.31,MOVING,DOWN,MOVING AWAY
2026-09-26T21:01:45,4,ENTERED_WARNING_ZONE,WARNING,1.86,-0.75,0.66,1.57,STATIONARY,NONE,UNKNOWN
2026-09-26T21:01:56,1,ENTERED_DANGER_ZONE,DANGER,0.9,-0.15,0.11,0.88,MOVING,UP,APPROACHING
2026-09-26T21:05:28,1,ENTERED_WARNING_ZONE,WARNING,1.14,0.18,0.27,1.09,STATIONARY,NONE,UNKNOWN
2026-09-26T21:05:35,1,LEFT_WARNING_ZONE,SAFE,2.2,-0.27,0.67,2.07,MOVING,DOWN,MOVING AWAY
2026-09-26T21:05:38,1,ENTERED_WARNING_ZONE,WARNING,1.96,-0.25,0.55,1.87,MOVING,UP,APPROACHING
2026-09-26T21:05:43,1,ENTERED_DANGER_ZONE,DANGER,0.99,-0.15,0.17,0.97,MOVING,UP,APPROACHING
2026-09-26T21:13:31,1,ENTERED_DANGER_ZONE,DANGER,0.72,0.02,0.11,0.71,STATIONARY,NONE,UNKNOWN
2026-09-26T21:13:37,1,LEFT_DANGER_ZONE,WARNING,1.26,-0.15,0.36,1.2,MOVING,LEFT,MOVING AWAY
2026-09-26T21:13:41,1,LEFT_WARNING_ZONE,SAFE,2.03,-0.31,0.69,1.89,STATIONARY,NONE,MOVING AWAY
2026-09-26T21:13:41,1,ENTERED_WARNING_ZONE,WARNING,1.93,-0.27,0.67,1.79,STATIONARY,NONE,APPROACHING
2026-09-26T21:13:49,1,ENTERED_DANGER_ZONE,DANGER,0.9,-0.06,0.19,0.88,MOVING,UP,APPROACHING
2026-09-26T21:14:10,1,LEFT_DANGER_ZONE,SAFE,4.54,1.09,0.79,4.33,MOVING,RIGHT,MOVING AWAY
2026-09-26T21:14:10,1,ENTERED_DANGER_ZONE,DANGER,0.75,0.16,0.13,0.72,MOVING,LEFT,APPROACHING
2026-09-26T21:22:02,1,ENTERED_DANGER_ZONE,DANGER,0.89,-0.06,0.19,0.87,STATIONARY,NONE,UNKNOWN
2026-09-26T21:22:16,2,ENTERED_WARNING_ZONE,WARNING,1.53,-0.13,0.44,1.46,MOVING,UP,APPROACHING
2026-09-26T21:22:24,2,ENTERED_DANGER_ZONE,DANGER,0.96,-0.01,0.19,0.94,MOVING,LEFT,APPROACHING
2026-09-26T21:22:26,2,LEFT_DANGER_ZONE,SAFE,3.65,-0.45,0.59,3.58,MOVING,LEFT,MOVING AWAY
2026-09-26T21:22:26,2,ENTERED_DANGER_ZONE,DANGER,0.76,-0.11,0.07,0.75,MOVING,UP,APPROACHING
2026-09-26T21:22:32,2,LEFT_DANGER_ZONE,WARNING,1.05,-0.16,0.21,1.02,MOVING,DOWN,MOVING AWAY
2026-09-26T21:22:37,2,ENTERED_DANGER_ZONE,DANGER,0.89,-0.1,0.17,0.87,MOVING,RIGHT,APPROACHING
2026-09-26T21:31:24,1,ENTERED_DANGER_ZONE,DANGER,0.83,-0.08,0.13,0.81,STATIONARY,NONE,UNKNOWN
2026-09-26T21:31:49,1,LEFT_DANGER_ZONE,WARNING,1.05,-0.3,0.19,0.99,MOVING,DOWN,MOVING AWAY
2026-09-26T21:31:50,1,ENTERED_DANGER_ZONE,DANGER,0.97,-0.27,0.18,0.91,STATIONARY,NONE,APPROACHING
2026-09-26T21:31:51,1,LEFT_DANGER_ZONE,WARNING,1.19,-0.29,0.26,1.13,MOVING,RIGHT,MOVING AWAY
2026-09-26T21:31:53,1,ENTERED_DANGER_ZONE,DANGER,0.89,-0.19,0.12,0.86,MOVING,RIGHT,APPROACHING
2026-09-26T21:31:54,1,LEFT_DANGER_ZONE,WARNING,1.69,-0.04,0.24,1.67,MOVING,RIGHT,MOVING AWAY
2026-09-26T21:31:57,1,LEFT_WARNING_ZONE,SAFE,2.94,0.15,0.48,2.9,MOVING,LEFT,MOVING AWAY
2026-09-26T21:31:58,1,ENTERED_DANGER_ZONE,DANGER,0.77,-0.04,0.07,0.77,MOVING,LEFT,APPROACHING
2026-09-26T21:37:38,1,ENTERED_WARNING_ZONE,WARNING,1.11,0.16,0.31,1.05,STATIONARY,NONE,UNKNOWN
2026-09-26T21:37:48,1,LEFT_WARNING_ZONE,SAFE,2.09,0.12,0.72,1.96,STATIONARY,NONE,MOVING AWAY
2026-09-26T21:37:49,1,ENTERED_WARNING_ZONE,WARNING,2.0,0.13,0.69,1.87,STATIONARY,NONE,APPROACHING
2026-09-26T21:37:52,1,ENTERED_DANGER_ZONE,DANGER,0.83,0.18,0.11,0.8,MOVING,UP,APPROACHING
2026-09-26T21:37:53,1,APPROACHING_FOR_EXTENDED_PERIOD,DANGER,0.83,0.18,0.11,0.8,MOVING,UP,APPROACHING
2026-09-26T21:37:54,3,ENTERED_WARNING_ZONE,WARNING,1.94,-0.77,0.69,1.64,STATIONARY,NONE,APPROACHING
2026-09-26T21:37:55,4,ENTERED_WARNING_ZONE,WARNING,1.61,-0.71,0.61,1.31,STATIONARY,NONE,APPROACHING
2026-09-26T21:37:59,1,LEFT_DANGER_ZONE,SAFE,2.25,-0.05,0.35,2.22,STATIONARY,NONE,MOVING AWAY
2026-09-26T21:38:00,1,ENTERED_DANGER_ZONE,DANGER,0.94,-0.09,0.15,0.92,MOVING,LEFT,APPROACHING
2026-09-26T21:38:02,1,LEFT_DANGER_ZONE,SAFE,4.89,0.06,0.75,4.83,MOVING,RIGHT,MOVING AWAY
2026-09-26T21:38:03,1,ENTERED_DANGER_ZONE,DANGER,0.93,-0.12,0.14,0.91,MOVING,LEFT,APPROACHING
2026-09-26T21:40:15,1,ENTERED_DANGER_ZONE,DANGER,1.0,0.08,0.21,0.97,STATIONARY,NONE,UNKNOWN
2026-09-26T21:40:18,1,LEFT_DANGER_ZONE,WARNING,1.06,0.07,0.24,1.03,MOVING,DOWN,MOVING AWAY
2026-09-26T21:40:20,1,LEFT_WARNING_ZONE,SAFE,2.21,-0.08,0.7,2.09,MOVING,LEFT,MOVING AWAY
2026-09-26T21:40:23,1,ENTERED_WARNING_ZONE,WARNING,1.76,-0.03,0.55,1.68,STATIONARY,NONE,APPROACHING
2026-09-26T21:40:27,1,ENTERED_DANGER_ZONE,DANGER,0.93,0.0,0.18,0.92,MOVING,UP,APPROACHING
2026-09-26T21:40:40,1,LEFT_DANGER_ZONE,WARNING,1.04,0.11,0.25,1.01,MOVING,DOWN,MOVING AWAY
2026-09-26T21:40:48,1,ENTERED_DANGER_ZONE,DANGER,0.82,0.04,0.13,0.81,MOVING,UP,APPROACHING
2026-09-26T21:47:59,1,ENTERED_WARNING_ZONE,WARNING,1.02,-0.02,0.15,1.01,STATIONARY,NONE,UNKNOWN
2026-09-26T21:47:59,1,ENTERED_DANGER_ZONE,DANGER,0.89,-0.02,0.13,0.88,STATIONARY,NONE,APPROACHING
2026-09-26T21:48:02,1,LEFT_DANGER_ZONE,WARNING,1.03,0.01,0.15,1.02,MOVING,RIGHT,MOVING AWAY
2026-09-26T21:48:03,1,LEFT_WARNING_ZONE,SAFE,5.8,0.4,1.21,5.66,MOVING,DOWN,MOVING AWAY
2026-09-26T21:48:06,1,ENTERED_WARNING_ZONE,WARNING,1.61,0.22,0.44,1.54,STATIONARY,NONE,APPROACHING
2026-09-26T21:48:07,1,LEFT_WARNING_ZONE,SAFE,3.27,0.62,0.9,3.08,MOVING,RIGHT,MOVING AWAY
2026-09-26T21:48:09,1,ENTERED_WARNING_ZONE,WARNING,1.05,0.15,0.24,1.01,MOVING,UP,APPROACHING
2026-09-26T21:48:11,1,ENTERED_DANGER_ZONE,DANGER,0.97,0.16,0.21,0.94,MOVING,RIGHT,APPROACHING
2026-09-26T21:48:12,1,APPROACHING_FOR_EXTENDED_PERIOD,DANGER,0.87,0.12,0.12,0.85,MOVING,UP,APPROACHING
2026-09-26T21:48:12,2,APPROACHING_FOR_EXTENDED_PERIOD,SAFE,3.52,-1.65,1.32,2.81,STATIONARY,NONE,APPROACHING
2026-09-26T21:48:13,1,LEFT_DANGER_ZONE,WARNING,1.31,0.15,0.15,1.3,MOVING,UP,MOVING AWAY
2026-09-26T21:48:14,1,ENTERED_DANGER_ZONE,DANGER,0.72,0.1,0.06,0.71,MOVING,UP,APPROACHING
2026-09-26T21:49:15,2,ENTERED_WARNING_ZONE,WARNING,1.37,0.22,0.18,1.34,STATIONARY,NONE,UNKNOWN
2026-09-26T21:49:16,2,ENTERED_DANGER_ZONE,DANGER,0.89,0.14,0.0,0.88,MOVING,UP,APPROACHING
2026-09-26T21:49:20,2,LEFT_DANGER_ZONE,WARNING,1.06,0.1,0.0,1.06,MOVING,LEFT,MOVING AWAY
2026-09-26T21:49:24,2,LEFT_WARNING_ZONE,SAFE,2.05,0.36,0.45,1.97,STATIONARY,NONE,MOVING AWAY
2026-09-26T21:49:30,2,ENTERED_WARNING_ZONE,WARNING,1.99,0.0,0.41,1.95,MOVING,RIGHT,APPROACHING
2026-09-26T21:49:32,2,ENTERED_DANGER_ZONE,DANGER,0.81,0.17,0.0,0.79,MOVING,UP,APPROACHING
2026-09-26T21:49:33,2,APPROACHING_FOR_EXTENDED_PERIOD,DANGER,0.54,-0.03,0.0,0.54,MOVING,LEFT,APPROACHING
2026-09-26T21:49:39,4,ENTERED_DANGER_ZONE,DANGER,0.5,-0.12,-0.0,0.48,STATIONARY,NONE,UNKNOWN
2026-09-26T21:49:41,5,ENTERED_DANGER_ZONE,DANGER,0.5,0.07,-0.0,0.5,STATIONARY,NONE,UNKNOWN
2026-09-26T21:49:45,4,LEFT_DANGER_ZONE,WARNING,1.6,0.4,0.25,1.52,MOVING,RIGHT,MOVING AWAY
2026-09-26T21:49:48,7,ENTERED_WARNING_ZONE,WARNING,1.17,-0.16,0.14,1.15,STATIONARY,NONE,UNKNOWN
2026-09-26T21:49:50,8,ENTERED_WARNING_ZONE,WARNING,1.11,0.2,0.02,1.1,STATIONARY,NONE,UNKNOWN
2026-09-26T21:49:51,8,ENTERED_DANGER_ZONE,DANGER,0.94,0.28,-0.0,0.9,MOVING,RIGHT,APPROACHING
2026-09-26T21:49:55,10,ENTERED_DANGER_ZONE,DANGER,0.88,-0.19,0.14,0.85,STATIONARY,NONE,UNKNOWN
2026-09-26T21:49:56,10,LEFT_DANGER_ZONE,WARNING,1.07,0.04,0.19,1.05,MOVING,RIGHT,MOVING AWAY
2026-09-26T21:49:57,10,ENTERED_DANGER_ZONE,DANGER,0.77,-0.03,0.11,0.76,MOVING,LEFT,APPROACHING
2026-09-26T22:54:36,1,ENTERED_DANGER_ZONE,DANGER,0.65,-0.05,0.05,0.65,STATIONARY,NONE,UNKNOWN
2026-09-26T22:54:44,1,LEFT_DANGER_ZONE,WARNING,1.04,0.04,0.25,1.0,MOVING,RIGHT,MOVING AWAY
2026-09-26T22:54:49,1,ENTERED_DANGER_ZONE,DANGER,0.97,0.0,0.21,0.95,MOVING,LEFT,DEPTH STABLE
2026-09-26T23:00:04,1,ENTERED_WARNING_ZONE,WARNING,1.54,-0.09,0.53,1.44,STATIONARY,NONE,UNKNOWN
2026-09-26T23:00:08,1,LEFT_WARNING_ZONE,SAFE,2.01,-0.2,0.69,1.87,MOVING,LEFT,MOVING AWAY
2026-09-26T23:00:08,1,ENTERED_WARNING_ZONE,WARNING,1.54,-0.03,0.53,1.44,MOVING,RIGHT,APPROACHING
2026-09-26T23:00:12,1,ENTERED_WARNING_ZONE,WARNING,1.86,-0.18,0.62,1.74,STATIONARY,NONE,APPROACHING
2026-09-26T23:00:12,1,LEFT_WARNING_ZONE,SAFE,5.9,-0.65,1.96,5.53,STATIONARY,NONE,MOVING AWAY
2026-09-26T23:00:21,7,ENTERED_WARNING_ZONE,WARNING,1.23,0.02,0.35,1.18,STATIONARY,NONE,UNKNOWN
2026-09-26T23:00:25,7,ENTERED_DANGER_ZONE,DANGER,0.96,0.04,0.23,0.93,MOVING,UP,APPROACHING
2026-09-26T23:00:28,7,LEFT_DANGER_ZONE,SAFE,2.38,-0.09,0.42,2.34,MOVING,DOWN,MOVING AWAY
2026-09-26T23:00:29,7,ENTERED_DANGER_ZONE,DANGER,0.78,-0.06,0.13,0.77,MOVING,RIGHT,APPROACHING
2026-09-26T23:04:50,1,ENTERED_DANGER_ZONE,DANGER,0.79,0.23,0.12,0.74,STATIONARY,NONE,UNKNOWN
2026-09-26T23:05:07,2,ENTERED_WARNING_ZONE,WARNING,1.15,-0.39,-0.0,1.08,STATIONARY,NONE,UNKNOWN
2026-09-26T23:05:11,2,LEFT_WARNING_ZONE,SAFE,2.04,-1.05,0.27,1.73,MOVING,LEFT,MOVING AWAY
2026-09-26T23:05:12,2,ENTERED_WARNING_ZONE,WARNING,1.87,-0.97,0.24,1.59,STATIONARY,NONE,APPROACHING
2026-09-26T23:05:14,3,ENTERED_WARNING_ZONE,WARNING,1.72,-0.6,0.28,1.58,STATIONARY,NONE,UNKNOWN
2026-09-26T23:05:17,3,ENTERED_DANGER_ZONE,DANGER,0.95,-0.28,-0.0,0.91,MOVING,RIGHT,APPROACHING
2026-09-26T23:05:22,3,LEFT_DANGER_ZONE,WARNING,1.09,-0.33,0.01,1.04,STATIONARY,NONE,MOVING AWAY
2026-09-26T23:05:28,4,ENTERED_WARNING_ZONE,WARNING,1.22,0.0,0.1,1.21,STATIONARY,NONE,UNKNOWN
2026-09-26T23:05:29,4,ENTERED_DANGER_ZONE,DANGER,0.87,-0.03,-0.0,0.87,MOVING,LEFT,APPROACHING
2026-09-26T23:05:32,6,ENTERED_DANGER_ZONE,DANGER,0.72,0.14,0.05,0.7,STATIONARY,NONE,UNKNOWN
2026-09-26T23:05:46,6,STATIONARY_FOR_EXTENDED_PERIOD,DANGER,0.75,0.14,0.06,0.74,STATIONARY,NONE,DEPTH STABLE
2026-09-26T23:06:14,6,LEFT_DANGER_ZONE,SAFE,2.45,0.35,0.28,2.41,MOVING,LEFT,MOVING AWAY
2026-09-26T23:06:14,6,ENTERED_DANGER_ZONE,DANGER,0.76,0.17,0.07,0.73,MOVING,RIGHT,APPROACHING
2026-09-26T23:06:23,7,ENTERED_DANGER_ZONE,DANGER,0.73,0.13,0.07,0.71,STATIONARY,NONE,UNKNOWN
2026-09-26T23:11:08,4,ENTERED_DANGER_ZONE,DANGER,0.66,0.06,0.13,0.65,STATIONARY,NONE,UNKNOWN
2026-09-26T23:15:36,1,ENTERED_DANGER_ZONE,DANGER,0.95,-0.01,0.22,0.93,STATIONARY,NONE,UNKNOWN
2026-09-26T23:15:43,1,LEFT_DANGER_ZONE,SAFE,2.97,-0.43,0.56,2.89,MOVING,LEFT,MOVING AWAY
2026-09-26T23:15:43,1,ENTERED_DANGER_ZONE,DANGER,0.79,-0.01,0.15,0.77,MOVING,RIGHT,APPROACHING
2026-09-26T23:15:48,3,ENTERED_DANGER_ZONE,DANGER,0.43,-0.0,0.0,0.43,STATIONARY,NONE,UNKNOWN
2026-09-26T23:15:50,3,LEFT_DANGER_ZONE,WARNING,1.01,-0.19,0.03,0.99,MOVING,RIGHT,MOVING AWAY
2026-09-26T23:15:57,4,ENTERED_WARNING_ZONE,WARNING,1.83,-0.8,0.28,1.62,STATIONARY,NONE,UNKNOWN
2026-09-26T23:16:00,5,ENTERED_DANGER_ZONE,DANGER,0.63,-0.24,0.0,0.59,STATIONARY,NONE,UNKNOWN
2026-09-26T23:16:05,7,ENTERED_DANGER_ZONE,DANGER,0.65,0.06,0.04,0.65,STATIONARY,NONE,UNKNOWN
2026-09-26T23:16:15,7,LEFT_DANGER_ZONE,SAFE,5.84,1.32,1.35,5.52,MOVING,LEFT,MOVING AWAY
2026-09-26T23:16:17,7,ENTERED_DANGER_ZONE,DANGER,0.95,0.25,0.17,0.9,MOVING,UP,APPROACHING
